{"cameraMode":{"drawMode":0,"name":"Shaded","section":"Shading Mode"},"sceneLighting":true,"audioPlay":false,"sceneViewState":{"m_AlwaysRefresh":false,"showFog":true,"showSkybox":true,"showFlares":true,"showImageEffects":true,"showParticleSystems":true,"showVisualEffectGraphs":true,"m_FxEnabled":true},"in2DMode":false,"pivot":{"x":2.951829433441162,"y":2.5045979022979738,"z":72.53602600097656},"rotation":{"x":0.7081665396690369,"y":-0.001059076632373035,"z":0.001062246272340417,"w":0.7060450911521912},"size":47.48649597167969,"orthographic":true}