{"cameraMode":{"drawMode":0,"name":"Shaded","section":"Shading Mode"},"sceneLighting":false,"audioPlay":false,"sceneViewState":{"m_AlwaysRefresh":false,"showFog":true,"showSkybox":false,"showFlares":true,"showImageEffects":true,"showParticleSystems":true,"showVisualEffectGraphs":true,"m_FxEnabled":true},"in2DMode":false,"pivot":{"x":-182.8238067626953,"y":125.23358154296875,"z":311.27117919921877},"rotation":{"x":0.017014693468809129,"y":-0.2733401656150818,"z":-0.004840467590838671,"w":-0.9617792367935181},"size":165.07730102539063,"orthographic":false}